{
  "1": {
    "velibScore": 14.065573770491802,
    "bicycleLanesScore": 21.735318822375937,
    "segmentsToImproveScore": 19.414316702819956,
    "bicycleAccidentsScore": 16.371681415929203,
    "score": 71.5868907116169
  },
  "2": {
    "velibScore": 25,
    "bicycleLanesScore": 25,
    "segmentsToImproveScore": 8.514099783080258,
    "bicycleAccidentsScore": 21.902654867256636,
    "score": 80.41675465033688
  },
  "3": {
    "velibScore": 11.846153846153847,
    "bicycleLanesScore": 14.378359304700709,
    "segmentsToImproveScore": 17.977223427331886,
    "bicycleAccidentsScore": 14.601769911504425,
    "score": 58.80350648969087
  },
  "4": {
    "velibScore": 16.70625,
    "bicycleLanesScore": 21.202372670143472,
    "segmentsToImproveScore": 16.67570498915401,
    "bicycleAccidentsScore": 12.168141592920353,
    "score": 66.75246925221784
  },
  "5": {
    "velibScore": 14.421259842519682,
    "bicycleLanesScore": 12.273082693235505,
    "segmentsToImproveScore": 17.92299349240781,
    "bicycleAccidentsScore": 10.619469026548673,
    "score": 55.23680505471167
  },
  "6": {
    "velibScore": 15.195348837209302,
    "bicycleLanesScore": 13.405579237123554,
    "segmentsToImproveScore": 18.790672451193057,
    "bicycleAccidentsScore": 12.168141592920353,
    "score": 59.559742118446266
  },
  "7": {
    "velibScore": 7.503667481662592,
    "bicycleLanesScore": 10.472757667371381,
    "segmentsToImproveScore": 20.390455531453362,
    "bicycleAccidentsScore": 13.938053097345133,
    "score": 52.30493377783247
  },
  "8": {
    "velibScore": 13.778350515463917,
    "bicycleLanesScore": 10.032330384510322,
    "segmentsToImproveScore": 0,
    "bicycleAccidentsScore": 12.168141592920353,
    "score": 35.978822492894594
  },
  "9": {
    "velibScore": 20.889908256880734,
    "bicycleLanesScore": 12.961107501086394,
    "segmentsToImproveScore": 9.842733188720173,
    "bicycleAccidentsScore": 17.035398230088493,
    "score": 60.7291471767758
  },
  "10": {
    "velibScore": 19.18339100346021,
    "bicycleLanesScore": 13.804131092595885,
    "segmentsToImproveScore": 7.13123644251627,
    "bicycleAccidentsScore": 2.6548672566371696,
    "score": 42.77362579520953
  },
  "11": {
    "velibScore": 15.64577656675749,
    "bicycleLanesScore": 15.365465115198775,
    "segmentsToImproveScore": 11.36117136659436,
    "bicycleAccidentsScore": 2.8761061946902644,
    "score": 45.24851924324089
  },
  "12": {
    "velibScore": 10.56828885400314,
    "bicycleLanesScore": 17.70862021695528,
    "segmentsToImproveScore": 14.994577006507592,
    "bicycleAccidentsScore": 0,
    "score": 43.27148607746601
  },
  "13": {
    "velibScore": 9.83076923076923,
    "bicycleLanesScore": 12.259463865052513,
    "segmentsToImproveScore": 10.683297180043382,
    "bicycleAccidentsScore": 7.743362831858408,
    "score": 40.51689310772353
  },
  "14": {
    "velibScore": 9.829787234042552,
    "bicycleLanesScore": 11.775824973355514,
    "segmentsToImproveScore": 3.443600867678959,
    "bicycleAccidentsScore": 13.938053097345133,
    "score": 38.98726617242216
  },
  "15": {
    "velibScore": 10.507075471698112,
    "bicycleLanesScore": 10.08017063879957,
    "segmentsToImproveScore": 12.066160520607374,
    "bicycleAccidentsScore": 3.761061946902655,
    "score": 36.414468578007714
  },
  "16": {
    "velibScore": 7.884955752212389,
    "bicycleLanesScore": 9.125332547049613,
    "segmentsToImproveScore": 17.02819956616052,
    "bicycleAccidentsScore": 0.6637168141592931,
    "score": 34.70220467958182
  },
  "17": {
    "velibScore": 10.65079365079365,
    "bicycleLanesScore": 8.718945761228982,
    "segmentsToImproveScore": 14.479392624728849,
    "bicycleAccidentsScore": 8.849557522123893,
    "score": 42.69868955887538
  },
  "18": {
    "velibScore": 10.377703826955074,
    "bicycleLanesScore": 11.330097761534471,
    "segmentsToImproveScore": 7.321041214750543,
    "bicycleAccidentsScore": 10.619469026548673,
    "score": 39.64831182978876
  },
  "19": {
    "velibScore": 9.331369661266569,
    "bicycleLanesScore": 11.635301996555555,
    "segmentsToImproveScore": 15.997830802603035,
    "bicycleAccidentsScore": 8.628318584070795,
    "score": 45.592821044495956
  },
  "20": {
    "velibScore": 10.926421404682273,
    "bicycleLanesScore": 13.422072517602707,
    "segmentsToImproveScore": 10.845986984815617,
    "bicycleAccidentsScore": 11.504424778761063,
    "score": 46.69890568586166
  }
}
