{
  "1": {
    "velibStations": 26,
    "surface": 183,
    "bicycleLanesLengthInKm": 39.72937788685002,
    "conflictZoneNb": 206,
    "bicycleAccidents": 39,
    "score": 0.013907370015675206
  },
  "2": {
    "velibStations": 25,
    "surface": 99,
    "bicycleLanesLengthInKm": 24.721217930080012,
    "conflictZoneNb": 156,
    "bicycleAccidents": 14,
    "score": 0.1044260434299226
  },
  "3": {
    "velibStations": 14,
    "surface": 117,
    "bicycleLanesLengthInKm": 16.803117091019995,
    "conflictZoneNb": 1,
    "bicycleAccidents": 47,
    "score": 0.6654498649140026
  },
  "4": {
    "velibStations": 27,
    "surface": 160,
    "bicycleLanesLengthInKm": 33.88434588531001,
    "conflictZoneNb": 160,
    "bicycleAccidents": 58,
    "score": 0.013930479466429627
  },
  "5": {
    "velibStations": 37,
    "surface": 254,
    "bicycleLanesLengthInKm": 31.137377854980013,
    "conflictZoneNb": 0,
    "bicycleAccidents": 65,
    "score": 1
  },
  "6": {
    "velibStations": 33,
    "surface": 215,
    "bicycleLanesLengthInKm": 28.78847791797,
    "conflictZoneNb": 147,
    "bicycleAccidents": 58,
    "score": 0.008714912756141786
  },
  "7": {
    "velibStations": 31,
    "surface": 409,
    "bicycleLanesLengthInKm": 42.783767180290006,
    "conflictZoneNb": 0,
    "bicycleAccidents": 50,
    "score": 0.5771930919281097
  },
  "8": {
    "velibStations": 54,
    "surface": 388,
    "bicycleLanesLengthInKm": 38.88017503168999,
    "conflictZoneNb": 0,
    "bicycleAccidents": 58,
    "score": 0.8752408018842658
  },
  "9": {
    "velibStations": 46,
    "surface": 218,
    "bicycleLanesLengthInKm": 28.222356026909992,
    "conflictZoneNb": 239,
    "bicycleAccidents": 36,
    "score": 0.011508570887582123
  },
  "10": {
    "velibStations": 56,
    "surface": 289,
    "bicycleLanesLengthInKm": 39.847545720730054,
    "conflictZoneNb": 2,
    "bicycleAccidents": 101,
    "score": 0.3209580845430903
  },
  "11": {
    "velibStations": 58,
    "surface": 367,
    "bicycleLanesLengthInKm": 56.32567890808995,
    "conflictZoneNb": 240,
    "bicycleAccidents": 100,
    "score": 0.0036633826689306944
  },
  "12": {
    "velibStations": 68,
    "surface": 637,
    "bicycleLanesLengthInKm": 112.67272976998994,
    "conflictZoneNb": 0,
    "bicycleAccidents": 113,
    "score": 0.6082294573125668
  },
  "13": {
    "velibStations": 71,
    "surface": 715,
    "bicycleLanesLengthInKm": 87.5532313973501,
    "conflictZoneNb": 299,
    "bicycleAccidents": 78,
    "score": 0.0018914706912158703
  },
  "14": {
    "velibStations": 56,
    "surface": 564,
    "bicycleLanesLengthInKm": 66.33841729561995,
    "conflictZoneNb": 463,
    "bicycleAccidents": 50,
    "score": 0.001832331167688562
  },
  "15": {
    "velibStations": 90,
    "surface": 848,
    "bicycleLanesLengthInKm": 85.3804414843499,
    "conflictZoneNb": 2,
    "bicycleAccidents": 96,
    "score": 0.1350559562358037
  },
  "16": {
    "velibStations": 63,
    "surface": 791,
    "bicycleLanesLengthInKm": 72.09743985973006,
    "conflictZoneNb": 0,
    "bicycleAccidents": 110,
    "score": 0.24022144201225026
  },
  "17": {
    "velibStations": 61,
    "surface": 567,
    "bicycleLanesLengthInKm": 49.37893226140003,
    "conflictZoneNb": 275,
    "bicycleAccidents": 73,
    "score": 0.001692662991007479
  },
  "18": {
    "velibStations": 63,
    "surface": 601,
    "bicycleLanesLengthInKm": 68.01470035359,
    "conflictZoneNb": 272,
    "bicycleAccidents": 65,
    "score": 0.002433410735708922
  },
  "19": {
    "velibStations": 64,
    "surface": 679,
    "bicycleLanesLengthInKm": 78.91182621183006,
    "conflictZoneNb": 242,
    "bicycleAccidents": 74,
    "score": 0.0022173872966184285
  },
  "20": {
    "velibStations": 66,
    "surface": 598,
    "bicycleLanesLengthInKm": 80.17065370062002,
    "conflictZoneNb": 216,
    "bicycleAccidents": 61,
    "score": 0.004068782289083291
  }
}
